{
    "name": "Augment insights",
    "children": [
        {
            "name": "Traffic reporting",
            "children": [],
            "behaviors": [
                {
                    "name": "cpCode",
                    "options": {
                        "value": {
                            "id": "${env.default_cpcode}"
                        }
                    }
                }
            ],
            "criteria": [],
            "criteriaMustSatisfy": "all",
            "comments": "Identify your main traffic segments so you can zoom in your traffic statistics like hits, bandwidth, offload, response codes, and errors.\n"
        },
        {
            "name": "mPulse RUM",
            "children": [],
            "behaviors": [
                {
                    "name": "mPulse",
                    "options": {
                        "apiKey": "",
                        "bufferSize": "",
                        "configOverride": "",
                        "enabled": true,
                        "requirePci": false,
                        "titleOptional": "",
                        "loaderVersion": "LATEST"
                    }
                }
            ],
            "criteria": [],
            "criteriaMustSatisfy": "all",
            "comments": "Collect and analyze real-user data to monitor the performance of your website.\n"
        },
        {
            "name": "Content Targeting",
            "children": [],
            "behaviors": [
                {
                    "name": "edgeScape",
                    "options": {
                        "enabled": true
                    }
                }
            ],
            "criteria": [],
            "criteriaMustSatisfy": "all",
            "comments": ""
        },
        {
            "name": "Log delivery",
            "children": [],
            "behaviors": [
                {
                    "name": "report",
                    "options": {
                        "logAcceptLanguage": false,
                        "logCookies": "OFF",
                        "logCustomLogField": false,
                        "logHost": false,
                        "logReferer": false,
                        "logUserAgent": true,
                        "logEdgeIP": false,
                        "logXForwardedFor": false
                    }
                }
            ],
            "criteria": [],
            "criteriaMustSatisfy": "all",
            "comments": "Specify the level of detail you want to be logged in your Log Delivery Service reports. Log User-Agent Header to obtain detailed information in the Traffic by Browser and OS report.\n"
        },
        {
            "name": "Global Request Number",
            "children": [],
            "behaviors": [
                {
                    "name": "globalRequestNumber",
                    "options": {
                        "outputOption": "RESPONSE_HEADER",
                        "headerName": "Akamai-GRN"
                    }
                }
            ],
            "criteria": [],
            "criteriaMustSatisfy": "all",
            "comments": ""
        },
        {
            "name": "Breadcrumbs",
            "children": [],
            "behaviors": [
                {
                    "name": "breadcrumbs",
                    "options": {
                        "enabled": true,
                        "optMode": false,
                        "loggingEnabled": false
                    }
                }
            ],
            "criteria": [],
            "criteriaMustSatisfy": "all",
            "comments": ""
        }
    ],
    "behaviors": [],
    "criteria": [],
    "criteriaMustSatisfy": "all",
    "comments": "Control the settings related to monitoring and reporting. This gives you additional visibility into your traffic and audiences."
}