{
    "rules": {
        "name": "default",
        "children": [
            "#include:Augment_insights.json",
            "#include:Accelerate_Delivery.json",
            "#include:Offload_origin.json",
            "#include:Strengthen_security.json",
            "#include:Increase_availability.json",
            "#include:Minimize_payload.json"
        ],
        "behaviors": [
            {
                "name": "origin",
                "options": {
                    "originType": "CUSTOMER",
                    "hostname": "${env.default_origin}",
                    "forwardHostHeader": "ORIGIN_HOSTNAME",
                    "cacheKeyHostname": "REQUEST_HOST_HEADER",
                    "compress": true,
                    "enableTrueClientIp": true,
                    "originCertificate": "",
                    "verificationMode": "CUSTOM",
                    "ports": "",
                    "httpPort": 80,
                    "httpsPort": 443,
                    "trueClientIpHeader": "True-Client-IP",
                    "trueClientIpClientSetting": false,
                    "originSni": true,
                    "customValidCnValues": [
                        "{{Origin Hostname}}",
                        "{{Forward Host Header}}"
                    ],
                    "originCertsToHonor": "STANDARD_CERTIFICATE_AUTHORITIES",
                    "standardCertificateAuthorities": [
                        "akamai-permissive"
                    ]
                }
            },
            {
                "name": "autoDomainValidation",
                "options": {
                    "autodv": ""
                }
            }
        ],
        "options": {
            "is_secure": false
        },
        "variables": [],
        "comments": "The Default Rule template contains all the necessary and recommended features. Rules are evaluated from top to bottom and the last matching rule wins."
    }
}