{
    "name": "Offload origin",
    "children": [
        {
            "name": "CSS and JavaScript",
            "children": [],
            "behaviors": [
                {
                    "name": "caching",
                    "options": {
                        "behavior": "MAX_AGE",
                        "mustRevalidate": false,
                        "ttl": "7d"
                    }
                }
            ],
            "criteria": [
                {
                    "name": "fileExtension",
                    "options": {
                        "matchCaseSensitive": false,
                        "matchOperator": "IS_ONE_OF",
                        "values": [
                            "css",
                            "js"
                        ]
                    }
                }
            ],
            "criteriaMustSatisfy": "any",
            "comments": "Override the default caching behavior for CSS and JavaScript\n"
        },
        {
            "name": "Fonts",
            "children": [],
            "behaviors": [
                {
                    "name": "caching",
                    "options": {
                        "behavior": "MAX_AGE",
                        "mustRevalidate": false,
                        "ttl": "30d"
                    }
                }
            ],
            "criteria": [
                {
                    "name": "fileExtension",
                    "options": {
                        "matchCaseSensitive": false,
                        "matchOperator": "IS_ONE_OF",
                        "values": [
                            "eot",
                            "woff",
                            "woff2",
                            "otf",
                            "ttf"
                        ]
                    }
                }
            ],
            "criteriaMustSatisfy": "any",
            "comments": "Override the default caching behavior for fonts.\n"
        },
        {
            "name": "Images",
            "children": [],
            "behaviors": [
                {
                    "name": "caching",
                    "options": {
                        "behavior": "MAX_AGE",
                        "mustRevalidate": false,
                        "ttl": "30d"
                    }
                }
            ],
            "criteria": [
                {
                    "name": "fileExtension",
                    "options": {
                        "matchCaseSensitive": false,
                        "matchOperator": "IS_ONE_OF",
                        "values": [
                            "jpg",
                            "jpeg",
                            "png",
                            "gif",
                            "webp",
                            "jp2",
                            "ico",
                            "svg",
                            "svgz"
                        ]
                    }
                }
            ],
            "criteriaMustSatisfy": "any",
            "comments": "Override the default caching behavior for images.\n"
        },
        {
            "name": "Files",
            "children": [],
            "behaviors": [
                {
                    "name": "caching",
                    "options": {
                        "behavior": "MAX_AGE",
                        "mustRevalidate": false,
                        "ttl": "7d"
                    }
                }
            ],
            "criteria": [
                {
                    "name": "fileExtension",
                    "options": {
                        "matchCaseSensitive": false,
                        "matchOperator": "IS_ONE_OF",
                        "values": [
                            "doc",
                            "docx",
                            "odt"
                        ]
                    }
                }
            ],
            "criteriaMustSatisfy": "any",
            "comments": "Override the default caching behavior for files. Files containing Personal Identified Information (PII) should require Edge authentication or not be cached at all.\n"
        },
        {
            "name": "Other static objects",
            "children": [],
            "behaviors": [
                {
                    "name": "caching",
                    "options": {
                        "behavior": "MAX_AGE",
                        "mustRevalidate": false,
                        "ttl": "7d"
                    }
                }
            ],
            "criteria": [
                {
                    "name": "fileExtension",
                    "options": {
                        "matchCaseSensitive": false,
                        "matchOperator": "IS_ONE_OF",
                        "values": [
                            "aif",
                            "aiff",
                            "au",
                            "avi",
                            "bin",
                            "bmp",
                            "cab",
                            "carb",
                            "cct",
                            "cdf",
                            "class",
                            "dcr",
                            "dtd",
                            "exe",
                            "flv",
                            "gcf",
                            "gff",
                            "grv",
                            "hdml",
                            "hqx",
                            "ini",
                            "mov",
                            "mp3",
                            "nc",
                            "pct",
                            "ppc",
                            "pws",
                            "swa",
                            "swf",
                            "txt",
                            "vbs",
                            "w32",
                            "wav",
                            "midi",
                            "wbmp",
                            "wml",
                            "wmlc",
                            "wmls",
                            "wmlsc",
                            "xsd",
                            "zip",
                            "pict",
                            "tif",
                            "tiff",
                            "mid",
                            "jxr",
                            "jar"
                        ]
                    }
                }
            ],
            "criteriaMustSatisfy": "any",
            "comments": "Override the default caching behavior for other static objects.\n"
        },
        {
            "name": "HTML pages",
            "children": [],
            "behaviors": [
                {
                    "name": "caching",
                    "options": {
                        "behavior": "NO_STORE"
                    }
                },
                {
                    "name": "cacheKeyQueryParams",
                    "options": {
                        "behavior": "IGNORE",
                        "exactMatch": true,
                        "parameters": [
                            "gclid",
                            "fbclid",
                            "utm_source",
                            "utm_campaign",
                            "utm_medium",
                            "utm_content"
                        ]
                    }
                }
            ],
            "criteria": [
                {
                    "name": "fileExtension",
                    "options": {
                        "matchCaseSensitive": false,
                        "matchOperator": "IS_ONE_OF",
                        "values": [
                            "html",
                            "htm",
                            "php",
                            "jsp",
                            "aspx",
                            "EMPTY_STRING"
                        ]
                    }
                }
            ],
            "criteriaMustSatisfy": "all",
            "comments": "Override the default caching behavior for HTML pages cached on edge servers.\n"
        },
        {
            "name": "Redirects",
            "children": [],
            "behaviors": [
                {
                    "name": "cacheRedirect",
                    "options": {
                        "enabled": "false"
                    }
                },
                {
                    "name": "chaseRedirects",
                    "options": {
                        "enabled": false,
                        "limit": "4",
                        "serve404": true
                    }
                }
            ],
            "criteria": [],
            "criteriaMustSatisfy": "all",
            "comments": "Configure caching for HTTP redirects. The redirect is cached for the same TTL as a 200 response when this feature is enabled\n"
        },
        {
            "name": "POST responses",
            "children": [],
            "behaviors": [
                {
                    "name": "cachePost",
                    "options": {
                        "enabled": false
                    }
                }
            ],
            "criteria": [],
            "criteriaMustSatisfy": "all",
            "comments": "Define when HTTP POST requests should be cached. You should enable it under a criteria match.\n"
        },
        {
            "name": "GraphQL",
            "children": [],
            "behaviors": [
                {
                    "name": "graphqlCaching",
                    "options": {
                        "enabled": false
                    }
                }
            ],
            "criteria": [
                {
                    "name": "path",
                    "options": {
                        "matchCaseSensitive": false,
                        "matchOperator": "MATCHES_ONE_OF",
                        "values": [
                            "/graphql"
                        ],
                        "normalize": false
                    }
                }
            ],
            "criteriaMustSatisfy": "all",
            "comments": "Define when your GraphQL queries should be cached.\n"
        },
        {
            "name": "Uncacheable objects",
            "children": [],
            "behaviors": [
                {
                    "name": "downstreamCache",
                    "options": {
                        "behavior": "BUST"
                    }
                }
            ],
            "criteria": [
                {
                    "name": "cacheability",
                    "options": {
                        "matchOperator": "IS_NOT",
                        "value": "CACHEABLE"
                    }
                }
            ],
            "criteriaMustSatisfy": "all",
            "comments": "Configure the default client caching behavior for uncacheable content at the edge.\n"
        },
        {
            "name": "Tiered Distribution",
            "children": [],
            "behaviors": [
                {
                    "name": "tieredDistribution",
                    "options": {
                        "enabled": true,
                        "tieredDistributionMap": "${env.td_region}"
                    }
                }
            ],
            "criteria": [],
            "criteriaMustSatisfy": "all",
            "comments": ""
        }
    ],
    "behaviors": [
        {
            "name": "caching",
            "options": {
                "behavior": "NO_STORE"
            }
        },
        {
            "name": "validateEntityTag",
            "options": {
                "enabled": false
            }
        },
        {
            "name": "removeVary",
            "options": {
                "enabled": true
            }
        },
        {
            "name": "cacheError",
            "options": {
                "enabled": true,
                "preserveStale": true,
                "ttl": "10s"
            }
        },
        {
            "name": "cacheKeyQueryParams",
            "options": {
                "behavior": "INCLUDE_ALL_ALPHABETIZE_ORDER"
            }
        },
        {
            "name": "prefreshCache",
            "options": {
                "enabled": true,
                "prefreshval": 90
            }
        },
        {
            "name": "downstreamCache",
            "options": {
                "allowBehavior": "LESSER",
                "behavior": "ALLOW",
                "sendHeaders": "CACHE_CONTROL",
                "sendPrivate": false
            }
        }
    ],
    "criteria": [],
    "criteriaMustSatisfy": "all",
    "comments": "Control the settings related to caching content at the edge and in the browser. As a result, fewer requests go to your origin, fewer bytes leave your data centers, and your assets are closer to your users.\n"
}