{
  "additionalMatchOptions": [
    {
      "positiveMatch": false,
      "type": "NetworkListCondition",
      "values": [
        "${nl}"
      ]
    },
    {
      "positiveMatch": true,
      "type": "ResponseStatusCondition",
      "values": [
        "400",
        "401",
        "402",
        "403",
        "404",
        "405",
        "406",
        "407",
        "408",
        "409",
        "410",
        "429",
        "500",
        "501",
        "502",
        "503",
        "504"
      ]
    }
  ],
  "averageThreshold": 5,
  "burstThreshold": 8,
  "burstWindow": 5,
  "clientIdentifier": "ip",
  "description": "An excessive error rate from the origin could indicate malicious activity by a bot scanning the site or a publishing error. In both cases, this would increase the origin traffic and could potentially destabilize it.",
  "matchType": "path",
  "name": "Origin Error",
  "pathMatchType": "Custom",
  "pathUriPositiveMatch": true,
  "requestType": "ForwardResponse",
  "sameActionOnIpv6": true,
  "type": "WAF",
  "useXForwardForHeaders": false
}
