{
  "additionalMatchOptions": [
    {
      "positiveMatch": false,
      "type": "NetworkListCondition",
      "values": [
        "${nl}"
      ]
    },
    {
      "positiveMatch": false,
      "type": "RequestMethodCondition",
      "values": [
        "POST"
      ]
    }
  ],
  "averageThreshold": 12,
  "burstThreshold": 18,
  "burstWindow": 5,
  "clientIdentifier": "ip",
  "description": "A popular brute force attack consists of sending a large number of requests for base page HTML page or XHR requests (usually non-cacheable). This could destabilize the origin.",
  "fileExtensions": {
    "positiveMatch": false,
    "values": [
      "aif",
      "aiff",
      "au",
      "avi",
      "bin",
      "bmp",
      "cab",
      "carb",
      "cct",
      "cdf",
      "class",
      "css",
      "csv",
      "dcr",
      "doc",
      "docx",
      "dtd",
      "ejs",
      "ejss",
      "eot",
      "eps",
      "exe",
      "flv",
      "gcf",
      "gff",
      "gif",
      "grv",
      "hdml",
      "hdp",
      "hqx",
      "ico",
      "ini",
      "jar",
      "jp2",
      "jpeg",
      "jpg",
      "js",
      "jxr",
      "mid",
      "midi",
      "mov",
      "mp3",
      "mp4",
      "nc",
      "ogv",
      "otc",
      "otf",
      "pct",
      "pdf",
      "pict",
      "pls",
      "png",
      "ppc",
      "ppt",
      "pptx",
      "ps",
      "pws",
      "svg",
      "svgz",
      "swa",
      "swf",
      "tif",
      "tiff",
      "ttc",
      "ttf",
      "txt",
      "vbs",
      "w32",
      "wav",
      "wbmp",
      "wdp",
      "webm",
      "webp",
      "wml",
      "wmlc",
      "wmls",
      "wmlsc",
      "woff",
      "woff2",
      "xls",
      "xlsx",
      "xsd",
      "zip"
    ]
  },
  "matchType": "path",
  "name": "Page View Requests",
  "pathMatchType": "Custom",
  "pathUriPositiveMatch": true,
  "requestType": "ClientRequest",
  "sameActionOnIpv6": true,
  "type": "WAF",
  "useXForwardForHeaders": false
}
